<?xml version="1.0" encoding="utf-8"?>
  <!-- Repository Plugin -->
  <addon id="repository.googlecode.xbmc-vodie"
  name="xbmc-vodie Add-ons" version="1.0.0"
  provider-name="kitesurfingie">
    <extension point="xbmc.addon.repository"
    name="xbmc-vodie Add-on Repository">
      <info compressed="false">
      http://xbmc-vodie.googlecode.com/svn/repo/addons.xml</info>
      <checksum>
      http://xbmc-vodie.googlecode.com/svn/repo/addons.xml.md5</checksum>
      <datadir zip="true">
      http://xbmc-vodie.googlecode.com/svn/repo/</datadir>
    </extension>
    <extension point="xbmc.addon.metadata">
      <summary>Install Add-ons from xbmc-vodie</summary>
      <description>Download and install add-ons from
      xbmc-vodie addon repository.[CR][CR]By using this
      Repository you will be able to download and use the latest
      version of the Catch-up TV Plugins.</description>
      <disclaimer>Use at your own risk</disclaimer>
      <platform>all</platform>
    </extension>
  </addon>